{
  "project_info": {
    "project_number": "36399072725",
    "project_id": "cabo-consultas",
    "storage_bucket": "cabo-consultas.appspot.com"
  },
  "client": [
    {
      "client_info": {
        "mobilesdk_app_id": "1:36399072725:android:3e8193cb296c84f2b1295c",
        "android_client_info": {
          "package_name": "com.example.caboconsultas"
        }
      },
      "oauth_client": [
        {
          "client_id": "36399072725-maprlj47ltg08bfbjcv0nj1ah1fet4ov.apps.googleusercontent.com",
          "client_type": 3
        }
      ],
      "api_key": [
        {
          "current_key": "AIzaSyAEOPvQ85epl4rHW_xmecyaSYKIAn1mhIo"
        }
      ],
      "services": {
        "appinvite_service": {
          "other_platform_oauth_client": [
            {
              "client_id": "36399072725-maprlj47ltg08bfbjcv0nj1ah1fet4ov.apps.googleusercontent.com",
              "client_type": 3
            }
          ]
        }
      }
    }
  ],
  "configuration_version": "1"
}